Arithmancy,Astronomy,Herbology,Defense Against the Dark Arts,Divination,Muggle Studies,Ancient Runes,History of Magic,Transfiguration,Potions,Care of Magical Creatures,Charms,Flying
487.301947,-4.681498,-4.857211,4.811416,-486.147273,584.156073,-4.697151,930.774015,2.902192,-0.137483,-252.731046,189.024526
486.417840,4.826413,-4.878077,4.898259,-492.698402,390.313962,4.858755,1035.673818,4.829401,-0.027696,-244.347364,-7.085690
-470.290515,4.908497,4.731080,4.875300,473.654704,588.304709,4.793893,1026.624705,6.893718,0.003794,-231.080576,-3.979797
-484.791278,-4.680429,4.865066,-4.654542,-470.779526,391.134436,4.835650,1016.951898,9.250493,-0.084447,-249.593194,-70.321661
