Category,Bias,Arithmancy,Astronomy,Herbology,Defense Against the Dark Arts,Divination,Muggle Studies,Ancient Runes,History of Magic,Transfiguration,Potions,Care of Magical Creatures,Charms,Flying
mean,0.000000,49634.570243,39.797131,1.141020,-0.387863,3.153910,-224.589915,495.747970,2.963095,1030.096946,5.950373,-0.053427,-243.374409,21.958012
standard deviation,1.000000,16674.479577,520.132330,5.218016,5.211132,4.153970,486.189433,106.251202,4.424353,44.111025,3.146852,0.971146,8.780895,97.601087
Gryffindor,-4.1315188230,-1.0610335724,-0.2265441348,-2.5635015001,1.2192688104,2.8379501856,-0.0585632830,2.2634260292,3.5183562772,1.2930051692,-2.0548616268,0.1035541115,-3.0449093133,4.2942335062
Hufflepuff,-2.4599957616,0.4196867091,1.3712237296,1.9664679416,-2.0131715770,0.2003817210,-1.5671584654,-2.0960239550,-0.4964700788,-0.8589904557,0.4300821557,-0.0034569395,1.5106330530,-1.6919926452
Ravenclaw,-2.6345206583,0.4234553189,-0.8104771123,0.8596169377,0.6985350380,0.0169968994,0.9164963146,0.6734618784,-0.3067351280,-0.6134780362,0.3486820752,0.0755945066,1.9254302734,0.1730265920
Slytherin,-3.9555169294,-0.2415049828,-0.9507967469,0.3258586132,1.5256640562,-1.3994960431,-0.1127421945,0.0968967399,-0.0316371250,1.5279484783,0.5044710031,-0.1434331196,-2.8707841484,-0.7995668365
